二宮弘行,1最初の書き込み,2021/01/02 01:02:03
ニノミヤヒロユキ,2書き込み２,2021/03/04 04:05:06
nino,3書き込み3,2021/05/06 07:08:09
二宮弘行,4コメント,"2021/09/13 10:40:20"
二宮弘行,5コメント,"2021/09/13 17:43:00"
二宮弘行,6コメントコメント,"2021/09/13 18:09:39"
二宮弘行,7コメントコメントコメント,"2021/09/13 18:10:28"
二宮弘行,8コメントコメントコメントコメント,"2021/09/13 18:21:50"
二宮弘行,9コメント,"2021/09/13 18:27:00"
二宮弘行,11コメントコメントコメント,"2021/09/13 18:30:26"
二宮弘行,12コメントコメントコメントコメント,"2021/09/13 18:31:32"
二宮弘行,13コメント,"2021/09/13 18:36:15"
二宮弘行,コメント,"2021/09/27 17:00:03"
二宮弘行,コメントコメント,"2021/09/27 17:00:08"
二宮弘行,コメントコメント,"2021/09/27 17:00:13"
二宮弘行,コメントコメントコメントコメント,"2021/09/27 17:00:15"
二宮弘行,コメントコメントコメントコメント,"2021/09/27 17:00:19"
二宮弘行,コメント,"2021/09/27 17:00:23"
二宮弘行,コメントコメントコメント,"2021/09/27 17:00:28"
二宮弘行,コメント,"2021/09/27 17:00:33"
ff15,コメント,"2021/12/13 02:55:52"
ニノミヤヒロユキ,コメント,"2022/01/16 01:02:37"
二宮弘行,コメントコメント,"2022/01/16 01:12:15"
全件読み込み,コメントコメントコメントコメント,"2022/01/16 01:20:40"
二宮弘行,コメントコメントコメントコメント,"2022/01/16 02:31:01"
二宮弘行,コメント,"2022/01/16 02:40:28"
二宮弘行,コメント,"2022/01/16 19:02:24"
二宮弘行,コメント,"2022/01/30 19:16:28"
二宮弘行,コメントコメントコメントコメント,"2022/01/30 19:27:01"
二宮弘行,コメントコメント,"2022/01/30 19:27:53"
"HIROYUKI NINOMIYA",コメント,"2022/02/02 10:27:43"
二宮弘行,テスト,"2022/02/10 11:05:53"
二宮弘行,コメント,"2022/02/16 17:38:45"
ニノミヤヒロユキ,テスト,"2022/02/20 16:59:07"
二宮,コメントコメントコメント,"2022/02/20 16:59:15"
"HIROYUKI NINOMIYA",test,"2022/03/02 19:58:12"
,,"2022/03/04 09:22:27"
西村博之,写像,"2022/03/08 14:48:40"
